Dates,PX_LAST
10/1/2013,2.65
10/2/2013,2.6173
10/3/2013,2.6046
10/4/2013,2.6447
10/7/2013,2.6265
10/8/2013,2.632
10/9/2013,2.6631
10/10/2013,2.6814
10/11/2013,2.6871
10/14/2013,2.6871
10/15/2013,2.7276
10/16/2013,2.6633
10/17/2013,2.5894
10/18/2013,2.5777
10/21/2013,2.6014
10/22/2013,2.5124
10/23/2013,2.5016
10/24/2013,2.5197
10/25/2013,2.5088
10/28/2013,2.5233
10/29/2013,2.5034
10/30/2013,2.5378
10/31/2013,2.5542
11/1/2013,2.6218
11/4/2013,2.6035
11/5/2013,2.6696
11/6/2013,2.6421
11/7/2013,2.5999
11/8/2013,2.7477
11/11/2013,2.7477
11/12/2013,2.7728
11/13/2013,2.6996
11/14/2013,2.69
11/15/2013,2.7033
11/18/2013,2.6658
11/19/2013,2.7069
11/20/2013,2.7987
11/21/2013,2.7842
11/22/2013,2.7427
11/25/2013,2.7283
11/26/2013,2.7077
11/27/2013,2.7373
11/28/2013,2.7373
11/29/2013,2.7445
12/2/2013,2.7951
12/3/2013,2.7825
12/4/2013,2.8342
12/5/2013,2.8717
12/6/2013,2.8553
12/9/2013,2.8389
12/10/2013,2.8006
12/11/2013,2.8535
12/12/2013,2.8773
12/13/2013,2.8646
12/16/2013,2.8784
12/17/2013,2.8354
12/18/2013,2.8931
12/19/2013,2.9291
12/20/2013,2.8886
12/23/2013,2.9274
12/24/2013,2.9775
12/25/2013,2.9775
12/26/2013,2.9905
12/27/2013,3
12/30/2013,2.9703
12/31/2013,3.0282
1/1/2014,3.0282
1/2/2014,2.989
1/3/2014,2.9948
1/6/2014,2.9576
1/7/2014,2.9391
1/8/2014,2.9894
1/9/2014,2.9652
1/10/2014,2.8579
1/13/2014,2.8257
1/14/2014,2.8709
1/15/2014,2.8912
1/16/2014,2.8414
1/17/2014,2.8194
1/20/2014,2.8194
1/21/2014,2.8286
1/22/2014,2.8656
1/23/2014,2.7772
1/24/2014,2.715
1/27/2014,2.7479
1/28/2014,2.7488
1/29/2014,2.6767
1/30/2014,2.6949
1/31/2014,2.644
2/3/2014,2.5761
2/4/2014,2.6294
2/5/2014,2.6675
2/6/2014,2.7003
2/7/2014,2.6829
2/10/2014,2.6674
2/11/2014,2.725
2/12/2014,2.7608
2/13/2014,2.732
2/14/2014,2.7428
2/17/2014,2.7428
2/18/2014,2.7069
2/19/2014,2.7392
2/20/2014,2.7509
2/21/2014,2.731
2/24/2014,2.7382
2/25/2014,2.7023
2/26/2014,2.6655
2/27/2014,2.6387
2/28/2014,2.6476
3/3/2014,2.6012
3/4/2014,2.6977
3/5/2014,2.7048
3/6/2014,2.7373
3/7/2014,2.7879
3/10/2014,2.777
3/11/2014,2.768
3/12/2014,2.73
3/13/2014,2.6446
3/14/2014,2.6543
3/17/2014,2.6921
3/18/2014,2.6722
3/19/2014,2.7725
3/20/2014,2.7716
3/21/2014,2.7426
3/24/2014,2.7281
3/25/2014,2.748
3/26/2014,2.6919
3/27/2014,2.681
3/28/2014,2.7208
3/31/2014,2.718
4/1/2014,2.7525
4/2/2014,2.8045
4/3/2014,2.7972
4/4/2014,2.7207
4/7/2014,2.6998
4/8/2014,2.6808
4/9/2014,2.6898
4/10/2014,2.6474
4/11/2014,2.6247
4/14/2014,2.6472
4/15/2014,2.6283
4/16/2014,2.6282
4/17/2014,2.7215
4/18/2014,2.7215
4/21/2014,2.7151
4/22/2014,2.7105
4/23/2014,2.6987
4/24/2014,2.6805
4/25/2014,2.6623
4/28/2014,2.7005
4/29/2014,2.6913
4/30/2014,2.6459
5/1/2014,2.6133
5/2/2014,2.5843
5/5/2014,2.6068
5/6/2014,2.5914
5/7/2014,2.5878
5/8/2014,2.6161
5/9/2014,2.6233
5/12/2014,2.6611
5/13/2014,2.6089
5/14/2014,2.5427
5/15/2014,2.4893
5/16/2014,2.5231
5/19/2014,2.5445
5/20/2014,2.5106
5/21/2014,2.532
5/22/2014,2.5499
5/23/2014,2.5321
5/26/2014,2.5321
5/27/2014,2.5142
5/28/2014,2.4431
5/29/2014,2.4644
5/30/2014,2.4759
6/2/2014,2.5267
6/3/2014,2.5985
6/4/2014,2.6021
6/5/2014,2.5824
6/6/2014,2.5869
6/9/2014,2.6032
6/10/2014,2.6439
6/11/2014,2.6394
6/12/2014,2.5951
6/13/2014,2.6033
6/16/2014,2.597
6/17/2014,2.6523
6/18/2014,2.5844
6/19/2014,2.6206
6/20/2014,2.6052
6/23/2014,2.6261
6/24/2014,2.5781
6/25/2014,2.5592
6/26/2014,2.5286
6/27/2014,2.534
6/30/2014,2.5304
7/1/2014,2.5647
7/2/2014,2.6264
7/3/2014,2.6383
7/4/2014,2.6383
7/7/2014,2.611
7/8/2014,2.5557
7/9/2014,2.5503
7/10/2014,2.5359
7/11/2014,2.516
7/14/2014,2.5468
7/15/2014,2.5468
7/16/2014,2.526
7/17/2014,2.4458
7/18/2014,2.4809
7/21/2014,2.4674
7/22/2014,2.4601
7/23/2014,2.4655
7/24/2014,2.5025
7/25/2014,2.4655
7/28/2014,2.4853
7/29/2014,2.4601
7/30/2014,2.5569
7/31/2014,2.5578
8/1/2014,2.4925
8/4/2014,2.4817
8/5/2014,2.4844
8/6/2014,2.4708
8/7/2014,2.4114
8/8/2014,2.4203
8/11/2014,2.4275
8/12/2014,2.4491
8/13/2014,2.4166
8/14/2014,2.4015
8/15/2014,2.3397
8/18/2014,2.3927
8/19/2014,2.3997
8/20/2014,2.4264
8/21/2014,2.4068
8/22/2014,2.4024
8/25/2014,2.382
8/26/2014,2.3962
8/27/2014,2.3573
8/28/2014,2.3361
8/29/2014,2.3431
9/1/2014,2.3431
9/2/2014,2.4211
9/3/2014,2.3962
9/4/2014,2.4497
9/5/2014,2.4587
9/8/2014,2.4712
9/9/2014,2.5036
9/10/2014,2.5414
9/11/2014,2.5496
9/12/2014,2.6105
9/15/2014,2.5887
9/16/2014,2.5924
9/17/2014,2.6198
9/18/2014,2.6144
9/19/2014,2.5745
9/22/2014,2.5636
9/23/2014,2.5275
9/24/2014,2.5637
9/25/2014,2.5022
9/26/2014,2.5276
9/29/2014,2.4771
9/30/2014,2.4888
10/1/2014,2.3856
10/2/2014,2.425
10/3/2014,2.434
10/6/2014,2.4196
10/7/2014,2.3391
10/8/2014,2.3213
10/9/2014,2.3133
10/10/2014,2.2804
10/13/2014,2.2804
10/14/2014,2.1973
10/15/2014,2.1358
10/16/2014,2.1559
10/17/2014,2.1936
10/20/2014,2.1909
10/21/2014,2.2217
10/22/2014,2.2164
10/23/2014,2.2712
10/24/2014,2.2685
10/27/2014,2.2605
10/28/2014,2.296
10/29/2014,2.3174
10/30/2014,2.3058
10/31/2014,2.3353
11/3/2014,2.3425
11/4/2014,2.3335
11/5/2014,2.3424
11/6/2014,2.3856
11/7/2014,2.2976
11/10/2014,2.3604
11/11/2014,2.3604
11/12/2014,2.3712
11/13/2014,2.3399
11/14/2014,2.3204
11/17/2014,2.3399
11/18/2014,2.3151
11/19/2014,2.3594
11/20/2014,2.3373
11/21/2014,2.3099
11/24/2014,2.3064
11/25/2014,2.257
11/26/2014,2.2447
11/27/2014,2.2447
11/28/2014,2.164
12/1/2014,2.235
12/2/2014,2.2923
12/3/2014,2.2799
12/4/2014,2.2341
12/5/2014,2.3065
12/8/2014,2.257
12/9/2014,2.2129
12/10/2014,2.1638
12/11/2014,2.162
12/12/2014,2.0817
12/15/2014,2.1182
12/16/2014,2.0591
12/17/2014,2.1356
12/18/2014,2.2075
12/19/2014,2.1618
12/22/2014,2.1583
12/23/2014,2.2614
12/24/2014,2.2632
12/25/2014,2.2632
12/26/2014,2.2499
12/29/2014,2.2021
12/30/2014,2.1871
12/31/2014,2.1712
1/1/2015,2.1712
1/2/2015,2.1105
1/5/2015,2.032
1/6/2015,1.9402
1/7/2015,1.9677
1/8/2015,2.0179
1/9/2015,1.9449
1/12/2015,1.907
1/13/2015,1.9
1/14/2015,1.8553
1/15/2015,1.7149
1/16/2015,1.8368
1/19/2015,1.8368
1/20/2015,1.788
1/21/2015,1.8717
1/22/2015,1.8631
1/23/2015,1.7968
1/26/2015,1.8241
1/27/2015,1.8231
1/28/2015,1.7207
1/29/2015,1.7512
1/30/2015,1.6407
2/2/2015,1.6642
2/3/2015,1.7915
2/4/2015,1.7513
2/5/2015,1.8204
2/6/2015,1.9567
2/9/2015,1.9775
2/10/2015,1.9967
2/11/2015,2.0176
2/12/2015,1.9844
2/13/2015,2.0504
2/16/2015,2.0504
2/17/2015,2.1379
2/18/2015,2.08
2/19/2015,2.1142
2/20/2015,2.1117
2/23/2015,2.0574
2/24/2015,1.98
2/25/2015,1.9688
2/26/2015,2.0295
2/27/2015,1.993
3/2/2015,2.082
3/3/2015,2.1189
3/4/2015,2.1172
3/5/2015,2.1154
3/6/2015,2.2414
3/9/2015,2.1907
3/10/2015,2.1297
3/11/2015,2.1086
3/12/2015,2.1156
3/13/2015,2.114
3/16/2015,2.0717
3/17/2015,2.0507
3/18/2015,1.9199
3/19/2015,1.9685
3/20/2015,1.9303
3/23/2015,1.912
3/24/2015,1.8731
3/25/2015,1.925
3/26/2015,1.9894
3/27/2015,1.9615
3/30/2015,1.9475
3/31/2015,1.9231
4/1/2015,1.8573
4/2/2015,1.9117
4/3/2015,1.8389
4/6/2015,1.8952
4/7/2015,1.8848
4/8/2015,1.9047
4/9/2015,1.9596
4/10/2015,1.9473
4/13/2015,1.9272
4/14/2015,1.8985
4/15/2015,1.888
4/16/2015,1.8897
4/17/2015,1.8653
4/20/2015,1.8896
4/21/2015,1.9087
4/22/2015,1.9788
4/23/2015,1.9577
4/24/2015,1.9086
4/27/2015,1.9208
4/28/2015,2.0034
4/29/2015,2.0388
4/30/2015,2.0317
5/1/2015,2.1135
5/4/2015,2.144
5/5/2015,2.1853
5/6/2015,2.2431
5/7/2015,2.18
5/8/2015,2.1478
5/11/2015,2.2797
5/12/2015,2.2489
5/13/2015,2.2926
5/14/2015,2.2301
5/15/2015,2.1424
5/18/2015,2.2337
5/19/2015,2.2886
5/20/2015,2.2479
5/21/2015,2.1898
5/22/2015,2.2092
5/25/2015,2.2092
5/26/2015,2.139
5/27/2015,2.1285
5/28/2015,2.1355
5/29/2015,2.1214
6/1/2015,2.1794
6/2/2015,2.2624
6/3/2015,2.3642
6/4/2015,2.307
6/5/2015,2.4076
6/8/2015,2.3824
6/9/2015,2.4384
6/10/2015,2.4838
6/11/2015,2.3772
6/12/2015,2.3918
6/15/2015,2.3559
6/16/2015,2.3093
6/17/2015,2.3165
6/18/2015,2.3345
6/19/2015,2.2577
6/22/2015,2.3725
6/23/2015,2.4087
6/24/2015,2.3672
6/25/2015,2.4088
6/26/2015,2.4726
6/29/2015,2.3242
6/30/2015,2.3531
7/1/2015,2.4219
7/2/2015,2.3823
7/3/2015,2.3823
7/6/2015,2.285
7/7/2015,2.2582
7/8/2015,2.1922
7/9/2015,2.3211
7/10/2015,2.3972
7/13/2015,2.4538
7/14/2015,2.401
7/15/2015,2.3521
7/16/2015,2.3503
7/17/2015,2.3469
7/20/2015,2.3723
7/21/2015,2.3253
7/22/2015,2.3235
7/23/2015,2.2677
7/24/2015,2.2624
7/27/2015,2.2175
7/28/2015,2.2499
7/29/2015,2.2859
7/30/2015,2.2589
7/31/2015,2.1801
8/3/2015,2.148
8/4/2015,2.2213
8/5/2015,2.2699
8/6/2015,2.2214
8/7/2015,2.1623
8/10/2015,2.2269
8/11/2015,2.1409
8/12/2015,2.148
8/13/2015,2.1854
8/14/2015,2.1977
8/17/2015,2.1678
8/18/2015,2.1925
8/19/2015,2.1256
8/20/2015,2.0679
8/21/2015,2.0365
8/24/2015,2.0034
8/25/2015,2.0714
8/26/2015,2.1752
8/27/2015,2.1841
8/28/2015,2.1807
8/31/2015,2.2179
9/1/2015,2.1524
9/2/2015,2.1843
9/3/2015,2.1596
9/4/2015,2.1244
9/7/2015,2.1244
9/8/2015,2.1828
9/9/2015,2.2006
9/10/2015,2.222
9/11/2015,2.1883
9/14/2015,2.1831
9/15/2015,2.2867
9/16/2015,2.294
9/17/2015,2.1903
9/18/2015,2.1336
9/21/2015,2.2012
9/22/2015,2.1337
9/23/2015,2.1497
9/24/2015,2.1266
9/25/2015,2.1623
9/28/2015,2.0949
9/29/2015,2.0508
9/30/2015,2.0368
10/1/2015,2.0368
10/2/2015,1.9929
10/5/2015,2.0562
10/6/2015,2.0315
10/7/2015,2.0668
10/8/2015,2.104
10/9/2015,2.0881
10/12/2015,2.0881
10/13/2015,2.0439
10/14/2015,1.9718
10/15/2015,2.0175
10/16/2015,2.0334
10/19/2015,2.0228
10/20/2015,2.067
10/21/2015,2.0228
10/22/2015,2.0263
10/23/2015,2.0866
10/26/2015,2.0564
10/27/2015,2.037
10/28/2015,2.1009
10/29/2015,2.1725
10/30/2015,2.1421
11/2/2015,2.1709
11/3/2015,2.2105
11/4/2015,2.225
11/5/2015,2.2323
11/6/2015,2.3252
11/9/2015,2.3436
11/10/2015,2.3419
11/11/2015,2.3301
11/12/2015,2.3116
11/13/2015,2.2658
11/16/2015,2.2676
11/17/2015,2.2658
11/18/2015,2.2728
11/19/2015,2.2482
11/20/2015,2.2623
11/23/2015,2.2377
11/24/2015,2.2377
11/25/2015,2.2341
11/26/2015,2.2341
11/27/2015,2.2201
11/30/2015,2.206
12/1/2015,2.1431
12/2/2015,2.1797
12/3/2015,2.3136
12/4/2015,2.2693
12/7/2015,2.2288
12/8/2015,2.2182
12/9/2015,2.2164
12/10/2015,2.2305
12/11/2015,2.127
12/14/2015,2.2217
12/15/2015,2.2658
12/16/2015,2.296
12/17/2015,2.2234
12/18/2015,2.204
12/21/2015,2.1917
12/22/2015,2.2357
12/23/2015,2.2534
12/24/2015,2.241
12/25/2015,2.241
12/28/2015,2.2304
12/29/2015,2.305
12/30/2015,2.2943
12/31/2015,2.2694
1/1/2016,2.2694
1/4/2016,2.2428
1/5/2016,2.2357
1/6/2016,2.1702
1/7/2016,2.1455
1/8/2016,2.1156
1/11/2016,2.1754
1/12/2016,2.1032
1/13/2016,2.0927
1/14/2016,2.0874
1/15/2016,2.0347
1/18/2016,2.0347
1/19/2016,2.0556
1/20/2016,1.9824
1/21/2016,2.0311
1/22/2016,2.0519
1/25/2016,2.0012
1/26/2016,1.9942
1/27/2016,1.9993
1/28/2016,1.9784
1/29/2016,1.9209
2/1/2016,1.9486
2/2/2016,1.8448
2/3/2016,1.8861
2/4/2016,1.8395
2/5/2016,1.8357
2/8/2016,1.7483
2/9/2016,1.726
2/10/2016,1.6681
2/11/2016,1.6591
2/12/2016,1.7481
2/15/2016,1.7481
2/16/2016,1.7723
2/17/2016,1.819
2/18/2016,1.7396
2/19/2016,1.7449
2/22/2016,1.7518
2/23/2016,1.7225
2/24/2016,1.7484
2/25/2016,1.7157
2/26/2016,1.7623
2/29/2016,1.7347
3/1/2016,1.8249
3/2/2016,1.8406
3/3/2016,1.8337
3/4/2016,1.8741
3/7/2016,1.9057
3/8/2016,1.8287
3/9/2016,1.876
3/10/2016,1.9323
3/11/2016,1.9839
3/14/2016,1.9592
3/15/2016,1.9699
3/16/2016,1.9081
3/17/2016,1.8958
3/18/2016,1.8732
3/21/2016,1.9155
3/22/2016,1.9403
3/23/2016,1.8786
3/24/2016,1.9
3/25/2016,1.9
3/28/2016,1.886
3/29/2016,1.8035
3/30/2016,1.8228
3/31/2016,1.7687
4/1/2016,1.7705
4/4/2016,1.7618
4/5/2016,1.7201
4/6/2016,1.7549
4/7/2016,1.6889
4/8/2016,1.7167
4/11/2016,1.7254
4/12/2016,1.7761
4/13/2016,1.7639
4/14/2016,1.7919
4/15/2016,1.7518
4/18/2016,1.7711
4/19/2016,1.7851
4/20/2016,1.845
4/21/2016,1.861
4/22/2016,1.8878
4/25/2016,1.9128
4/26/2016,1.9271
4/27/2016,1.8508
4/28/2016,1.8243
4/29/2016,1.8333
5/2/2016,1.8723
5/3/2016,1.7963
5/4/2016,1.7752
5/5/2016,1.7453
5/6/2016,1.7789
5/9/2016,1.7507
5/10/2016,1.7613
5/11/2016,1.7367
5/12/2016,1.7516
5/13/2016,1.7001
5/16/2016,1.7533
5/17/2016,1.7723
5/18/2016,1.8538
5/19/2016,1.8487
5/20/2016,1.8384
5/23/2016,1.835
5/24/2016,1.8629
5/25/2016,1.8664
5/26/2016,1.8282
5/27/2016,1.851
5/30/2016,1.851
5/31/2016,1.8458
6/1/2016,1.8354
6/2/2016,1.7989
6/3/2016,1.7004
6/6/2016,1.7367
6/7/2016,1.7177
6/8/2016,1.7022
6/9/2016,1.6867
6/10/2016,1.6404
6/13/2016,1.6096
6/14/2016,1.613
6/15/2016,1.572
6/16/2016,1.5788
6/17/2016,1.6078
6/20/2016,1.6886
6/21/2016,1.7059
6/22/2016,1.6852
6/23/2016,1.7458
6/24/2016,1.5599
6/27/2016,1.4377
6/28/2016,1.4664
6/29/2016,1.5155
6/30/2016,1.4697
7/1/2016,1.4441
7/4/2016,1.4441
7/5/2016,1.375
7/6/2016,1.3682
7/7/2016,1.385
7/8/2016,1.3579
7/11/2016,1.4303
7/12/2016,1.51
7/13/2016,1.4743
7/14/2016,1.5356
7/15/2016,1.5509
7/18/2016,1.5818
7/19/2016,1.5526
7/20/2016,1.5801
7/21/2016,1.556
7/22/2016,1.5663
7/25/2016,1.5731
7/26/2016,1.5611
7/27/2016,1.4976
7/28/2016,1.5044
7/29/2016,1.4531
8/1/2016,1.5214
8/2/2016,1.5558
8/3/2016,1.542
8/4/2016,1.5008
8/5/2016,1.5885
8/8/2016,1.592
8/9/2016,1.547
8/10/2016,1.5074
8/11/2016,1.5593
8/12/2016,1.5135
8/15/2016,1.5576
8/16/2016,1.5746
8/17/2016,1.5491
8/18/2016,1.5356
8/19/2016,1.5781
8/22/2016,1.5424
8/23/2016,1.5458
8/24/2016,1.5611
8/25/2016,1.5731
8/26/2016,1.6296
8/29/2016,1.5595
8/30/2016,1.5663
8/31/2016,1.58
9/1/2016,1.5681
9/2/2016,1.6024
9/5/2016,1.6024
9/6/2016,1.534
9/7/2016,1.5391
9/8/2016,1.599
9/9/2016,1.6749
9/12/2016,1.6629
9/13/2016,1.7271
9/14/2016,1.6976
9/15/2016,1.6907
9/16/2016,1.6926
9/19/2016,1.7118
9/20/2016,1.6892
9/21/2016,1.6511
9/22/2016,1.6183
9/23/2016,1.6184
9/26/2016,1.5839
9/27/2016,1.5564
9/28/2016,1.5719
9/29/2016,1.5599
9/30/2016,1.5944
10/3/2016,1.6221
10/4/2016,1.6864
10/5/2016,1.7021
10/6/2016,1.7372
10/7/2016,1.7181
10/10/2016,1.7181
10/11/2016,1.7638
10/12/2016,1.7692
10/13/2016,1.7411
10/14/2016,1.7977
10/17/2016,1.766
10/18/2016,1.7379
10/19/2016,1.7432
10/20/2016,1.7556
10/21/2016,1.7347
10/24/2016,1.7647
10/25/2016,1.756
10/26/2016,1.7931
10/27/2016,1.8536
10/28/2016,1.8468
10/31/2016,1.8255
11/1/2016,1.8274
11/2/2016,1.8025
11/3/2016,1.8115
11/4/2016,1.7762
11/7/2016,1.8261
11/8/2016,1.8547
11/9/2016,2.0571
11/10/2016,2.1501
11/11/2016,2.1501
11/14/2016,2.2614
11/15/2016,2.2189
11/16/2016,2.2225
11/17/2016,2.3026
11/18/2016,2.3548
11/21/2016,2.3154
11/22/2016,2.3119
11/23/2016,2.3498
11/24/2016,2.3498
11/25/2016,2.3572
11/28/2016,2.3124
11/29/2016,2.291
11/30/2016,2.3809
12/1/2016,2.4481
12/2/2016,2.3831
12/5/2016,2.3941
12/6/2016,2.3887
12/7/2016,2.3401
12/8/2016,2.4071
12/9/2016,2.4675
12/12/2016,2.4712
12/13/2016,2.4713
12/14/2016,2.5707
12/15/2016,2.5967
12/16/2016,2.5916
12/19/2016,2.5382
12/20/2016,2.5586
12/21/2016,2.5348
12/22/2016,2.5515
12/23/2016,2.5373
12/26/2016,2.5373
12/27/2016,2.5596
12/28/2016,2.508
12/29/2016,2.475
12/30/2016,2.4443
1/2/2017,2.4443
1/3/2017,2.4444
1/4/2017,2.439
1/5/2017,2.3443
1/6/2017,2.4193
1/9/2017,2.3647
1/10/2017,2.3757
1/11/2017,2.3721
1/12/2017,2.3631
1/13/2017,2.3964
1/16/2017,2.3964
1/17/2017,2.3253
1/18/2017,2.4296
1/19/2017,2.4739
1/20/2017,2.4668
1/23/2017,2.3971
1/24/2017,2.4652
1/25/2017,2.5116
1/26/2017,2.5043
1/27/2017,2.4843
1/30/2017,2.4881
1/31/2017,2.4531
2/1/2017,2.4699
2/2/2017,2.4737
2/3/2017,2.4648
2/6/2017,2.4077
2/7/2017,2.3931
2/8/2017,2.3363
2/9/2017,2.3948
2/10/2017,2.4073
2/13/2017,2.4358
2/14/2017,2.4698
2/15/2017,2.4932
2/16/2017,2.4467
2/17/2017,2.4147
2/20/2017,2.4147
2/21/2017,2.429
2/22/2017,2.4129
2/23/2017,2.372
2/24/2017,2.3117
2/27/2017,2.365
2/28/2017,2.3899
3/1/2017,2.4526
3/2/2017,2.4779
3/3/2017,2.478
3/6/2017,2.4997
3/7/2017,2.5179
3/8/2017,2.5597
3/9/2017,2.6053
3/10/2017,2.5745
3/13/2017,2.6258
3/14/2017,2.6002
3/15/2017,2.493
3/16/2017,2.5402
3/17/2017,2.5005
3/20/2017,2.4607
3/21/2017,2.4175
3/22/2017,2.405
3/23/2017,2.4194
3/24/2017,2.4123
3/27/2017,2.3782
3/28/2017,2.4178
3/29/2017,2.3765
3/30/2017,2.4197
3/31/2017,2.3874
4/3/2017,2.3193
4/4/2017,2.3605
4/5/2017,2.3354
4/6/2017,2.3408
4/7/2017,2.3822
4/10/2017,2.3661
4/11/2017,2.2962
4/12/2017,2.2392
4/13/2017,2.2374
4/14/2017,2.2374
4/17/2017,2.2498
4/18/2017,2.1682
4/19/2017,2.2143
4/20/2017,2.232
4/21/2017,2.248
4/24/2017,2.273
4/25/2017,2.3322
4/26/2017,2.3035
4/27/2017,2.2946
4/28/2017,2.2802
5/1/2017,2.318
5/2/2017,2.2803
5/3/2017,2.318
5/4/2017,2.3541
5/5/2017,2.3487
5/8/2017,2.3868
5/9/2017,2.3977
5/10/2017,2.4141
5/11/2017,2.3874
5/12/2017,2.3257
5/15/2017,2.3433
5/16/2017,2.3257
5/17/2017,2.2243
5/18/2017,2.2294
5/19/2017,2.2346
5/22/2017,2.2537
5/23/2017,2.2799
5/24/2017,2.2502
5/25/2017,2.2554
5/26/2017,2.2465
5/29/2017,2.2465
5/30/2017,2.2098
5/31/2017,2.2028
6/1/2017,2.2114
6/2/2017,2.1591
6/5/2017,2.1817
6/6/2017,2.1451
6/7/2017,2.1729
6/8/2017,2.1885
6/9/2017,2.2005
6/12/2017,2.2145
6/13/2017,2.2109
6/14/2017,2.1256
6/15/2017,2.1637
6/16/2017,2.1514
6/19/2017,2.1879
6/20/2017,2.1565
6/21/2017,2.1634
6/22/2017,2.1477
6/23/2017,2.1423
6/26/2017,2.137
6/27/2017,2.2051
6/28/2017,2.2279
6/29/2017,2.2666
6/30/2017,2.3037
7/3/2017,2.3499
7/4/2017,2.3499
7/5/2017,2.3232
7/6/2017,2.3659
7/7/2017,2.3856
7/10/2017,2.373
7/11/2017,2.3605
7/12/2017,2.3177
7/13/2017,2.3444
7/14/2017,2.3319
7/17/2017,2.3141
7/18/2017,2.259
7/19/2017,2.2696
7/20/2017,2.2589
7/21/2017,2.2375
7/24/2017,2.2552
7/25/2017,2.3354
7/26/2017,2.2872
7/27/2017,2.3103
7/28/2017,2.2889
7/31/2017,2.2942
8/1/2017,2.2532
8/2/2017,2.271
8/3/2017,2.2212
8/4/2017,2.262
8/7/2017,2.253
8/8/2017,2.2619
8/9/2017,2.2476
8/10/2017,2.1975
8/11/2017,2.1888
8/14/2017,2.2185
8/15/2017,2.2728
8/16/2017,2.222
8/17/2017,2.1853
8/18/2017,2.1939
8/21/2017,2.1817
8/22/2017,2.2131
8/23/2017,2.166
8/24/2017,2.1939
8/25/2017,2.1659
8/28/2017,2.1571
8/29/2017,2.1292
8/30/2017,2.1309
8/31/2017,2.117
9/1/2017,2.1657
9/4/2017,2.1657
9/5/2017,2.0596
9/6/2017,2.1046
9/7/2017,2.0387
9/8/2017,2.0507
9/11/2017,2.1306
9/12/2017,2.1672
9/13/2017,2.1883
9/14/2017,2.1847
9/15/2017,2.2023
9/18/2017,2.2287
9/19/2017,2.2446
9/20/2017,2.2676
9/21/2017,2.2765
9/22/2017,2.2499
9/25/2017,2.2198
9/26/2017,2.2357
9/27/2017,2.3103
9/28/2017,2.3085
9/29/2017,2.3336
10/2/2017,2.3408
10/3/2017,2.3229
10/4/2017,2.3229
10/5/2017,2.348
10/6/2017,2.3589
10/9/2017,2.3589
10/10/2017,2.3607
10/11/2017,2.3481
10/12/2017,2.3177
10/13/2017,2.273
10/16/2017,2.3034
10/17/2017,2.2998
10/18/2017,2.3465
10/19/2017,2.3178
10/20/2017,2.3845
10/23/2017,2.3664
10/24/2017,2.4189
10/25/2017,2.4317
10/26/2017,2.4609
10/27/2017,2.4064
10/30/2017,2.3684
10/31/2017,2.3793
11/1/2017,2.3721
11/2/2017,2.345
11/3/2017,2.3325
11/6/2017,2.3163
11/7/2017,2.3145
11/8/2017,2.3343
11/9/2017,2.3416
11/10/2017,2.3984
11/13/2017,2.4055
11/14/2017,2.3717
11/15/2017,2.3222
11/16/2017,2.3753
11/17/2017,2.3435
11/20/2017,2.3666
11/21/2017,2.3559
11/22/2017,2.3187
11/23/2017,2.3187
11/24/2017,2.3418
11/27/2017,2.3277
11/28/2017,2.3277
11/29/2017,2.3882
11/30/2017,2.4097
12/1/2017,2.3615
12/4/2017,2.3723
12/5/2017,2.3509
12/6/2017,2.3385
12/7/2017,2.3634
12/8/2017,2.376
12/11/2017,2.3886
12/12/2017,2.4011
12/13/2017,2.3422
12/14/2017,2.3493
12/15/2017,2.353
12/18/2017,2.3942
12/19/2017,2.4644
12/20/2017,2.497
12/21/2017,2.4826
12/22/2017,2.481
12/25/2017,2.481
12/26/2017,2.4756
12/27/2017,2.4107
12/28/2017,2.4305
12/29/2017,2.4054
1/1/2018,2.4054
1/2/2018,2.4633
1/3/2018,2.4471
1/4/2018,2.4525
1/5/2018,2.4763
1/8/2018,2.48
1/9/2018,2.553
1/10/2018,2.5568
1/11/2018,2.5367
1/12/2018,2.5462
1/15/2018,2.5462
1/16/2018,2.5371
1/17/2018,2.5904
1/18/2018,2.6256
1/19/2018,2.6592
1/22/2018,2.65
1/23/2018,2.6131
1/24/2018,2.6465
1/25/2018,2.617
1/26/2018,2.6599
1/29/2018,2.6936
1/30/2018,2.7199
1/31/2018,2.705
2/1/2018,2.7896
2/2/2018,2.8411
2/5/2018,2.7056
2/6/2018,2.8016
2/7/2018,2.8359
2/8/2018,2.824
2/9/2018,2.8512
2/12/2018,2.8585
2/13/2018,2.8294
2/14/2018,2.9022
2/15/2018,2.9095
2/16/2018,2.8749
2/19/2018,2.8749
2/20/2018,2.8896
2/21/2018,2.95
2/22/2018,2.9207
2/23/2018,2.866
2/26/2018,2.8623
2/27/2018,2.8934
2/28/2018,2.8606
3/1/2018,2.8078
3/2/2018,2.8643
3/5/2018,2.8808
3/6/2018,2.8863
3/7/2018,2.8827
3/8/2018,2.8571
3/9/2018,2.8938
3/12/2018,2.8681
3/13/2018,2.8426
3/14/2018,2.817
3/15/2018,2.828
3/16/2018,2.8445
3/19/2018,2.8555
3/20/2018,2.8959
3/21/2018,2.883
3/22/2018,2.8244
3/23/2018,2.8135
3/26/2018,2.852
3/27/2018,2.7753
3/28/2018,2.7807
3/29/2018,2.7389
3/30/2018,2.7389
4/2/2018,2.7298
4/3/2018,2.7753
4/4/2018,2.8027
4/5/2018,2.832
4/6/2018,2.7735
4/9/2018,2.779
4/10/2018,2.8009
4/11/2018,2.7808
4/12/2018,2.8358
4/13/2018,2.8267
4/16/2018,2.8267
4/17/2018,2.8285
4/18/2018,2.8728
4/19/2018,2.9098
4/20/2018,2.9602
4/23/2018,2.9752
4/24/2018,2.9995
4/25/2018,3.0259
4/26/2018,2.9809
4/27/2018,2.9568
4/30/2018,2.9531
5/1/2018,2.9644
5/2/2018,2.9663
5/3/2018,2.9458
5/4/2018,2.9497
5/7/2018,2.9497
5/8/2018,2.976
5/9/2018,3.0042
5/10/2018,2.9622
5/11/2018,2.9695
5/14/2018,3.0024
5/15/2018,3.0723
5/16/2018,3.0964
5/17/2018,3.1112
5/18/2018,3.0559
5/21/2018,3.0596
5/22/2018,3.0597
5/23/2018,2.9935
5/24/2018,2.977
5/25/2018,2.9313
5/28/2018,2.9313
5/29/2018,2.781
5/30/2018,2.855
5/31/2018,2.8586
6/1/2018,2.9022
6/4/2018,2.9424
6/5/2018,2.9277
6/6/2018,2.9717
6/7/2018,2.9204
6/8/2018,2.9461
6/11/2018,2.9516
6/12/2018,2.9608
6/13/2018,2.9663
6/14/2018,2.9351
6/15/2018,2.9205
6/18/2018,2.9169
6/19/2018,2.8967
6/20/2018,2.9389
6/21/2018,2.8967
6/22/2018,2.8949
6/25/2018,2.8803
6/26/2018,2.8766
6/27/2018,2.8256
6/28/2018,2.8365
6/29/2018,2.8601
7/2/2018,2.8711
7/3/2018,2.8309
7/4/2018,2.8309
7/5/2018,2.8291
7/6/2018,2.8217
7/9/2018,2.8564
7/10/2018,2.8491
7/11/2018,2.8491
7/12/2018,2.8454
7/13/2018,2.8271
7/16/2018,2.8582
7/17/2018,2.86
7/18/2018,2.8692
7/19/2018,2.838
7/20/2018,2.8931
7/23/2018,2.9541
7/24/2018,2.9486
7/25/2018,2.9746
7/26/2018,2.9764
7/27/2018,2.9542
7/30/2018,2.9728
7/31/2018,2.9598
8/1/2018,3.0064
8/2/2018,2.9859
8/3/2018,2.9488
8/6/2018,2.9395
8/7/2018,2.973
8/8/2018,2.96
8/9/2018,2.9258
8/10/2018,2.8732
8/13/2018,2.8786
8/14/2018,2.8985
8/15/2018,2.8623
8/16/2018,2.8659
8/17/2018,2.8605
8/20/2018,2.819
8/21/2018,2.8298
8/22/2018,2.8189
8/23/2018,2.8261
8/24/2018,2.8098
8/27/2018,2.8459
8/28/2018,2.8804
8/29/2018,2.884
8/30/2018,2.855
8/31/2018,2.8604
9/3/2018,2.8604
9/4/2018,2.8985
9/5/2018,2.9022
9/6/2018,2.8731
9/7/2018,2.9388
9/10/2018,2.9314
9/11/2018,2.9755
9/12/2018,2.9626
9/13/2018,2.97
9/14/2018,2.9959
9/17/2018,2.9867
9/18/2018,3.0551
9/19/2018,3.0626
9/20/2018,3.0626
9/21/2018,3.0628
9/24/2018,3.0889
9/25/2018,3.0964
9/26/2018,3.048
9/27/2018,3.0518
9/28/2018,3.0612
10/1/2018,3.0836
10/2/2018,3.0631
10/3/2018,3.1813
10/4/2018,3.187
10/5/2018,3.2328
10/8/2018,3.2328
10/9/2018,3.2063
10/10/2018,3.1629
10/11/2018,3.1498
10/12/2018,3.1613
10/15/2018,3.1557
10/16/2018,3.1633
10/17/2018,3.205
10/18/2018,3.1786
10/19/2018,3.1921
10/22/2018,3.1978
10/23/2018,3.1676
10/24/2018,3.1035
10/25/2018,3.1167
10/26/2018,3.0755
10/29/2018,3.0849
10/30/2018,3.1227
10/31/2018,3.1435
11/1/2018,3.1303
11/2/2018,3.2121
11/5/2018,3.2008
11/6/2018,3.2276
11/7/2018,3.2355
11/8/2018,3.2373
11/9/2018,3.1819
11/12/2018,3.1819
11/13/2018,3.1397
11/14/2018,3.125
11/15/2018,3.1103
11/16/2018,3.0628
11/19/2018,3.0628
11/20/2018,3.0628
11/21/2018,3.0627
11/22/2018,3.0627
11/23/2018,3.039
11/26/2018,3.0535
11/27/2018,3.0572
11/28/2018,3.059
11/29/2018,3.0298
11/30/2018,2.9879
12/3/2018,2.9697
12/4/2018,2.9136
12/5/2018,2.9136
12/6/2018,2.8955
12/7/2018,2.845
12/10/2018,2.8575
12/11/2018,2.879
12/12/2018,2.9096
12/13/2018,2.9131
12/14/2018,2.8895
12/17/2018,2.857
12/18/2018,2.8175
12/19/2018,2.7548
12/20/2018,2.8065
12/21/2018,2.7902
12/24/2018,2.7383
12/25/2018,2.7383
12/26/2018,2.8079
12/27/2018,2.7666
12/28/2018,2.7182
12/31/2018,2.6842
1/1/2019,2.6842
1/2/2019,2.6204
1/3/2019,2.5535
1/4/2019,2.6677
1/7/2019,2.696
1/8/2019,2.728
1/9/2019,2.71
1/10/2019,2.7421
1/11/2019,2.7007
1/14/2019,2.7024
1/15/2019,2.7112
1/16/2019,2.7218
1/17/2019,2.7504
1/18/2019,2.7842
1/21/2019,2.7842
1/22/2019,2.7392
1/23/2019,2.7409
1/24/2019,2.7157
1/25/2019,2.7585
1/28/2019,2.744
1/29/2019,2.7098
1/30/2019,2.6775
1/31/2019,2.6293
2/1/2019,2.6842
2/4/2019,2.7235
2/5/2019,2.6983
2/6/2019,2.6946
2/7/2019,2.6572
2/8/2019,2.6339
2/11/2019,2.6536
2/12/2019,2.6877
2/13/2019,2.7021
2/14/2019,2.6536
2/15/2019,2.6626
2/18/2019,2.6626
2/19/2019,2.6339
2/20/2019,2.6447
2/21/2019,2.6914
2/22/2019,2.6518
2/25/2019,2.6626
2/26/2019,2.6357
2/27/2019,2.6825
2/28/2019,2.715
3/1/2019,2.7531
3/4/2019,2.7223
3/5/2019,2.7169
3/6/2019,2.6934
3/7/2019,2.6393
3/8/2019,2.6285
3/11/2019,2.6393
3/12/2019,2.6015
3/13/2019,2.6213
3/14/2019,2.6303
3/15/2019,2.5871
3/18/2019,2.6033
3/19/2019,2.6123
3/20/2019,2.5263
3/21/2019,2.5369
3/22/2019,2.439
3/25/2019,2.3983
3/26/2019,2.423
3/27/2019,2.3665
3/28/2019,2.3946
3/29/2019,2.405
4/1/2019,2.5009
4/2/2019,2.4741
4/3/2019,2.5241
4/4/2019,2.5151
4/5/2019,2.4954
4/8/2019,2.5222
4/9/2019,2.5006
4/10/2019,2.4649
4/11/2019,2.497
4/12/2019,2.5651
4/15/2019,2.5543
4/16/2019,2.5904
4/17/2019,2.594
4/18/2019,2.5596
4/19/2019,2.5596
4/22/2019,2.5885
4/23/2019,2.565
4/24/2019,2.5181
4/25/2019,2.5325
4/26/2019,2.4982
4/29/2019,2.5252
4/30/2019,2.5018
5/1/2019,2.4999
5/2/2019,2.5414
5/3/2019,2.525
5/6/2019,2.4692
5/7/2019,2.4566
5/8/2019,2.4835
5/9/2019,2.4423
5/10/2019,2.4672
5/13/2019,2.4015
5/14/2019,2.4104
5/15/2019,2.3732
5/16/2019,2.3944
5/17/2019,2.3909
5/20/2019,2.4157
5/21/2019,2.4264
5/22/2019,2.382
5/23/2019,2.3185
5/24/2019,2.3202
5/27/2019,2.3202
5/28/2019,2.2658
5/29/2019,2.2605
5/30/2019,2.2133
5/31/2019,2.1246
6/3/2019,2.071
6/4/2019,2.1296
6/5/2019,2.1348
6/6/2019,2.1174
6/7/2019,2.0809
6/10/2019,2.1484
6/11/2019,2.1431
6/12/2019,2.1205
6/13/2019,2.0945
6/14/2019,2.0804
6/17/2019,2.0942
6/18/2019,2.0595
6/19/2019,2.0233
6/20/2019,2.0284
6/21/2019,2.054
6/24/2019,2.0143
6/25/2019,1.985
6/26/2019,2.0468
6/27/2019,2.014
6/28/2019,2.0051
7/1/2019,2.024
7/2/2019,1.974
7/3/2019,1.9498
7/4/2019,1.9498
7/5/2019,2.0338
7/8/2019,2.0476
7/9/2019,2.0648
7/10/2019,2.0613
7/11/2019,2.1378
7/12/2019,2.1219
7/15/2019,2.0887
7/16/2019,2.1026
7/17/2019,2.0451
7/18/2019,2.0242
7/19/2019,2.0552
7/22/2019,2.0464
7/23/2019,2.0812
7/24/2019,2.0428
7/25/2019,2.081
7/26/2019,2.0703
7/29/2019,2.065
7/30/2019,2.058
7/31/2019,2.0144
8/1/2019,1.8935
8/2/2019,1.8452
8/5/2019,1.7075
8/6/2019,1.7023
8/7/2019,1.7342
8/8/2019,1.7172
8/9/2019,1.7447
8/12/2019,1.6454
8/13/2019,1.7035
8/14/2019,1.5792
8/15/2019,1.5269
8/16/2019,1.5538
8/19/2019,1.6063
8/20/2019,1.5555
8/21/2019,1.5893
8/22/2019,1.6131
8/23/2019,1.5351
8/26/2019,1.5351
8/27/2019,1.4711
8/28/2019,1.4794
8/29/2019,1.4945
8/30/2019,1.4961
9/2/2019,1.4961
9/3/2019,1.4573
9/4/2019,1.4657
9/5/2019,1.5586
9/6/2019,1.5602
9/9/2019,1.6438
9/10/2019,1.7316
9/11/2019,1.7385
9/12/2019,1.7715
9/13/2019,1.8958
9/16/2019,1.8467
9/17/2019,1.8013
9/18/2019,1.7961
9/19/2019,1.784
9/20/2019,1.7215
9/23/2019,1.7267
9/24/2019,1.6456
9/25/2019,1.7372
9/26/2019,1.6921
9/27/2019,1.6801
9/30/2019,1.6646
10/1/2019,1.6353
10/2/2019,1.5992
10/3/2019,1.5341
10/4/2019,1.529
10/7/2019,1.558
10/8/2019,1.5289
10/9/2019,1.5836
10/10/2019,1.6681
10/11/2019,1.729
10/14/2019,1.729
10/15/2019,1.771
10/16/2019,1.7395
10/17/2019,1.7518
10/18/2019,1.7536
10/21/2019,1.7993
10/22/2019,1.7607
10/23/2019,1.7642
10/24/2019,1.766
10/25/2019,1.7943
10/28/2019,1.842
10/29/2019,1.8385
10/30/2019,1.7715
10/31/2019,1.691
11/1/2019,1.7103
11/4/2019,1.777
11/5/2019,1.8584
11/6/2019,1.8283
11/7/2019,1.9173
11/8/2019,1.9417
11/11/2019,1.9417
11/12/2019,1.9347
11/13/2019,1.886
11/14/2019,1.8186
11/15/2019,1.8308
11/18/2019,1.8153
11/19/2019,1.7826
11/20/2019,1.7449
11/21/2019,1.7723
11/22/2019,1.7706
11/25/2019,1.7551
11/26/2019,1.7414
11/27/2019,1.7654
11/28/2019,1.7654
11/29/2019,1.7758
12/2/2019,1.8189
12/3/2019,1.7157
12/4/2019,1.774
12/5/2019,1.8103
12/6/2019,1.8363
12/9/2019,1.819
12/10/2019,1.8416
12/11/2019,1.7914
12/12/2019,1.8922
12/13/2019,1.8226
12/16/2019,1.8713
12/17/2019,1.8801
12/18/2019,1.9169
12/19/2019,1.9204
12/20/2019,1.9171
12/23/2019,1.9294
12/24/2019,1.8996
12/25/2019,1.8996
12/26/2019,1.8944
12/27/2019,1.8752
12/30/2019,1.8788
12/31/2019,1.9175
1/1/2020,1.9175
1/2/2020,1.8771
1/3/2020,1.7881
1/6/2020,1.809
1/7/2020,1.8177
1/8/2020,1.8738
1/9/2020,1.8545
1/10/2020,1.8196
1/13/2020,1.8459
1/14/2020,1.8109
1/15/2020,1.783
1/16/2020,1.8074
1/17/2020,1.8215
1/20/2020,1.8215
1/21/2020,1.7743
1/22/2020,1.7691
1/23/2020,1.7325
1/24/2020,1.6839
1/27/2020,1.608
1/28/2020,1.6562
1/29/2020,1.5839
1/30/2020,1.5856
1/31/2020,1.5068
2/3/2020,1.5272
2/4/2020,1.5991
2/5/2020,1.6508
2/6/2020,1.6422
2/7/2020,1.5834
2/10/2020,1.5696
2/11/2020,1.6006
2/12/2020,1.6333
2/13/2020,1.6173
2/14/2020,1.5848
2/17/2020,1.5848
2/18/2020,1.561
2/19/2020,1.5661
2/20/2020,1.5152
2/21/2020,1.4713
2/24/2020,1.3705
2/25/2020,1.3521
2/26/2020,1.3371
2/27/2020,1.2607
2/28/2020,1.1486
3/2/2020,1.1632
3/3/2020,0.999
3/4/2020,1.0522
3/5/2020,0.912
3/6/2020,0.7623
3/9/2020,0.5407
3/10/2020,0.803
3/11/2020,0.8695
3/12/2020,0.8042
3/13/2020,0.9603
3/16/2020,0.7182
3/17/2020,1.0784
3/18/2020,1.1915
3/19/2020,1.1404
3/20/2020,0.8454
3/23/2020,0.7863
3/24/2020,0.8466
3/25/2020,0.8673
3/26/2020,0.8447
3/27/2020,0.6746
3/30/2020,0.7264
3/31/2020,0.6695
4/1/2020,0.5832
4/2/2020,0.597
4/3/2020,0.5948
4/6/2020,0.6698
4/7/2020,0.7122
4/8/2020,0.7722
4/9/2020,0.7191
4/10/2020,0.7191
4/13/2020,0.7713
4/14/2020,0.752
4/15/2020,0.6316
4/16/2020,0.6267
4/17/2020,0.6417
4/20/2020,0.6053
4/21/2020,0.5691
4/22/2020,0.619
4/23/2020,0.6015
4/24/2020,0.6008
4/27/2020,0.6605
4/28/2020,0.6129
4/29/2020,0.6269
4/30/2020,0.6393
5/1/2020,0.6118
5/4/2020,0.6336
5/5/2020,0.6619
5/6/2020,0.703
5/7/2020,0.6409
5/8/2020,0.6831
5/11/2020,0.7099
5/12/2020,0.6651
5/13/2020,0.6525
5/14/2020,0.6218
5/15/2020,0.6428
5/18/2020,0.7257
5/19/2020,0.6882
5/20/2020,0.6801
5/21/2020,0.672
5/22/2020,0.6591
5/25/2020,0.6591
5/26/2020,0.6965
5/27/2020,0.6819
5/28/2020,0.69
5/29/2020,0.6526
6/1/2020,0.6591
6/2/2020,0.6852
6/3/2020,0.7458
6/4/2020,0.8234
6/5/2020,0.8951
6/8/2020,0.8752
6/9/2020,0.8253
6/10/2020,0.7263
6/11/2020,0.669
6/12/2020,0.7034
6/15/2020,0.7215
6/16/2020,0.7528
6/17/2020,0.738
6/18/2020,0.7084
6/19/2020,0.6937
6/22/2020,0.7085
6/23/2020,0.7118
6/24/2020,0.679
6/25/2020,0.6856
6/26/2020,0.6413
6/29/2020,0.6234
6/30/2020,0.6561
7/1/2020,0.6758
7/2/2020,0.6693
7/3/2020,0.6693
7/6/2020,0.6759
7/7/2020,0.6397
7/8/2020,0.6644
7/9/2020,0.6135
7/10/2020,0.6447
7/13/2020,0.6184
7/14/2020,0.6233
7/15/2020,0.6299
7/16/2020,0.6168
7/17/2020,0.6266
7/20/2020,0.6102
7/21/2020,0.6004
7/22/2020,0.5971
7/23/2020,0.5774
7/24/2020,0.5888
7/27/2020,0.6151
7/28/2020,0.579
7/29/2020,0.5741
7/30/2020,0.5462
7/31/2020,0.5282
8/3/2020,0.5543
8/4/2020,0.5069
8/5/2020,0.5477
8/6/2020,0.5362
8/7/2020,0.564
8/10/2020,0.5755
8/11/2020,0.6415
8/12/2020,0.6747
8/13/2020,0.7208
8/14/2020,0.7094
8/17/2020,0.6882
8/18/2020,0.6687
8/19/2020,0.6801
8/20/2020,0.6509
8/21/2020,0.6282
8/24/2020,0.6542
8/25/2020,0.6835
8/26/2020,0.6884
8/27/2020,0.7522
8/28/2020,0.7211
8/31/2020,0.7048
9/1/2020,0.6689
9/2/2020,0.6477
9/3/2020,0.6347
9/4/2020,0.718
9/7/2020,0.718
9/8/2020,0.6788
9/9/2020,0.7001
9/10/2020,0.6772
9/11/2020,0.6658
9/14/2020,0.6723
9/15/2020,0.6789
9/16/2020,0.6969
9/17/2020,0.6887
9/18/2020,0.6937
9/21/2020,0.6658
9/22/2020,0.6708
9/23/2020,0.6724
9/24/2020,0.6659
9/25/2020,0.6544
9/28/2020,0.6528
9/29/2020,0.6495
9/30/2020,0.684
10/1/2020,0.6774
10/2/2020,0.7005
10/5/2020,0.7817
10/6/2020,0.7353
10/7/2020,0.7868
10/8/2020,0.7852
10/9/2020,0.7737
10/12/2020,0.7737
10/13/2020,0.7272
10/14/2020,0.7256
10/15/2020,0.7322
10/16/2020,0.7456
10/19/2020,0.769
10/20/2020,0.7857
10/21/2020,0.8226
10/22/2020,0.8562
10/23/2020,0.8429
10/26/2020,0.801
10/27/2020,0.7676
10/28/2020,0.771
10/29/2020,0.823
10/30/2020,0.8737
11/2/2020,0.8434
11/3/2020,0.8993
11/4/2020,0.7629
11/5/2020,0.7629
11/6/2020,0.8185
11/9/2020,0.9235
11/10/2020,0.9595
11/11/2020,0.9753
11/12/2020,0.8815
11/13/2020,0.8963
11/16/2020,0.9061
11/17/2020,0.857
11/18/2020,0.8701
11/19/2020,0.8293
11/20/2020,0.8243
11/23/2020,0.8537
11/24/2020,0.8799
11/25/2020,0.8816
11/26/2020,0.8816
11/27/2020,0.8373
11/30/2020,0.8389
12/1/2020,0.926
12/2/2020,0.936
12/3/2020,0.9063
12/4/2020,0.9659
12/7/2020,0.9228
12/8/2020,0.9179
12/9/2020,0.9361
12/10/2020,0.9063
12/11/2020,0.8964
12/14/2020,0.8931
12/15/2020,0.908
12/16/2020,0.9163
12/17/2020,0.9329
12/18/2020,0.9462
12/21/2020,0.9346
12/22/2020,0.9164
12/23/2020,0.943
12/24/2020,0.9231
12/25/2020,0.9231
12/28/2020,0.9231
12/29/2020,0.9364
12/30/2020,0.9231
12/31/2020,0.9132
1/1/2021,0.9132
1/4/2021,0.9132
1/5/2021,0.9549
1/6/2021,1.0355
1/7/2021,1.0795
1/8/2021,1.1153
1/11/2021,1.146
1/12/2021,1.1291
1/13/2021,1.0832
1/14/2021,1.1292
1/15/2021,1.0835
1/18/2021,1.0835
1/19/2021,1.0886
1/20/2021,1.0802
1/21/2021,1.1058
1/22/2021,1.0855
1/25/2021,1.0295
1/26/2021,1.0347
1/27/2021,1.0161
1/28/2021,1.0449
1/29/2021,1.0655
2/1/2021,1.0792
2/2/2021,1.0963
2/3/2021,1.1374
2/4/2021,1.1392
2/5/2021,1.1635
2/8/2021,1.1705
2/9/2021,1.1568
2/10/2021,1.1225
2/11/2021,1.1632
2/12/2021,1.2082
2/15/2021,1.2082
2/16/2021,1.3141
2/17/2021,1.2703
2/18/2021,1.2956
2/19/2021,1.3364
2/22/2021,1.3653
2/23/2021,1.3416
2/24/2021,1.3756
2/25/2021,1.5199
2/26/2021,1.4049
3/1/2021,1.417
3/2/2021,1.3914
3/3/2021,1.4808
3/4/2021,1.564
3/5/2021,1.5661
3/8/2021,1.5907
3/9/2021,1.5263
3/10/2021,1.5178
3/11/2021,1.537
3/12/2021,1.6247
3/15/2021,1.6055
3/16/2021,1.6179
3/17/2021,1.6427
3/18/2021,1.7082
3/19/2021,1.721
3/22/2021,1.6946
3/23/2021,1.6206
3/24/2021,1.6084
3/25/2021,1.6332
3/26/2021,1.676
3/29/2021,1.7081
3/30/2021,1.7029
3/31/2021,1.7404
4/1/2021,1.6699
4/2/2021,1.7216
4/5/2021,1.7003
4/6/2021,1.656
4/7/2021,1.6739
4/8/2021,1.6192
4/9/2021,1.6585
4/12/2021,1.6657
4/13/2021,1.6145
4/14/2021,1.6323
4/15/2021,1.5759
4/16/2021,1.5798
4/19/2021,1.6047
4/20/2021,1.5589
4/21/2021,1.5555
4/22/2021,1.538
4/23/2021,1.5577
4/26/2021,1.5667
4/27/2021,1.6216
4/28/2021,1.6094
4/29/2021,1.6343
4/30/2021,1.6259
5/3/2021,1.5976
5/4/2021,1.5924
5/5/2021,1.566
5/6/2021,1.5696
5/7/2021,1.5771
5/10/2021,1.602
5/11/2021,1.6217
5/12/2021,1.6916
5/13/2021,1.6574
5/14/2021,1.6284
5/17/2021,1.6488
5/18/2021,1.6369
5/19/2021,1.671
5/20/2021,1.625
5/21/2021,1.6216
5/24/2021,1.6012
5/25/2021,1.5588
5/26/2021,1.5757
5/27/2021,1.6062
5/28/2021,1.5943
5/31/2021,1.5943
6/1/2021,1.6062
6/2/2021,1.5875
6/3/2021,1.625
6/4/2021,1.5534
6/7/2021,1.5687
6/8/2021,1.5331
6/9/2021,1.4908
6/10/2021,1.4318
6/11/2021,1.4518
6/14/2021,1.494
6/15/2021,1.4922
6/16/2021,1.5754
6/17/2021,1.504
6/18/2021,1.4381
6/21/2021,1.4886
6/22/2021,1.4632
6/23/2021,1.4852
6/24/2021,1.4919
6/25/2021,1.5241
6/28/2021,1.4765
6/29/2021,1.4697
6/30/2021,1.468
7/1/2021,1.4578
7/2/2021,1.4238
7/5/2021,1.4238
7/6/2021,1.3481
7/7/2021,1.3163
7/8/2021,1.2928
7/9/2021,1.3595
7/12/2021,1.3645
7/13/2021,1.4166
7/14/2021,1.3459
7/15/2021,1.2989
7/16/2021,1.2903
7/19/2021,1.1888
7/20/2021,1.2218
7/21/2021,1.2884
7/22/2021,1.2783
7/23/2021,1.2763
7/26/2021,1.2896
7/27/2021,1.2411
7/28/2021,1.2327
7/29/2021,1.2693
7/30/2021,1.2223
8/2/2021,1.1773
8/3/2021,1.1722
8/4/2021,1.182
8/5/2021,1.2235
8/6/2021,1.2969
8/9/2021,1.3237
8/10/2021,1.349
8/11/2021,1.3303
8/12/2021,1.359
8/13/2021,1.2767
8/16/2021,1.265
8/17/2021,1.2617
8/18/2021,1.2583
8/19/2021,1.2433
8/20/2021,1.255
8/23/2021,1.2517
8/24/2021,1.2935
8/25/2021,1.339
8/26/2021,1.3491
8/27/2021,1.307
8/30/2021,1.2785
8/31/2021,1.3088
9/1/2021,1.2936
9/2/2021,1.2835
9/3/2021,1.3223
9/6/2021,1.3223
9/7/2021,1.3732
9/8/2021,1.3376
9/9/2021,1.2971
9/10/2021,1.3411
9/13/2021,1.3259
9/14/2021,1.2836
9/15/2021,1.2988
9/16/2021,1.3378
9/17/2021,1.3616
9/20/2021,1.3107
9/21/2021,1.3226
9/22/2021,1.3006
9/23/2021,1.4301
9/24/2021,1.4509
9/27/2021,1.4871
9/28/2021,1.5374
9/29/2021,1.5167
9/30/2021,1.4873
10/1/2021,1.4616
10/4/2021,1.4789
10/5/2021,1.5258
10/6/2021,1.5206
10/7/2021,1.5729
10/8/2021,1.6118
10/11/2021,1.6118
10/12/2021,1.5769
10/13/2021,1.5368
10/14/2021,1.5107
10/15/2021,1.5703
10/18/2021,1.6002
10/19/2021,1.6372
10/20/2021,1.6567
10/21/2021,1.7011
10/22/2021,1.6324
10/25/2021,1.6307
10/26/2021,1.6079
10/27/2021,1.5413
10/28/2021,1.58
10/29/2021,1.5521
11/1/2021,1.5557
11/2/2021,1.5488
11/3/2021,1.6034
11/4/2021,1.5262
11/5/2021,1.4513
11/8/2021,1.4897
11/9/2021,1.4358
11/10/2021,1.5493
11/11/2021,1.5493
11/12/2021,1.5613
11/15/2021,1.6145
11/16/2021,1.6335
11/17/2021,1.5889
11/18/2021,1.5855
11/19/2021,1.5462
11/22/2021,1.6236
11/23/2021,1.6651
11/24/2021,1.6341
11/25/2021,1.6341
11/26/2021,1.4731
11/29/2021,1.4987
11/30/2021,1.4443
12/1/2021,1.4037
12/2/2021,1.4443
12/3/2021,1.343
12/6/2021,1.4342
12/7/2021,1.4733
12/8/2021,1.5212
12/9/2021,1.499
12/10/2021,1.4837
12/13/2021,1.4156
12/14/2021,1.4411
12/15/2021,1.4565
12/16/2021,1.4106
12/17/2021,1.4021
12/20/2021,1.4225
12/21/2021,1.4617
12/22/2021,1.4515
12/23/2021,1.4927
12/24/2021,1.4927
12/27/2021,1.4756
12/28/2021,1.4807
12/29/2021,1.5496
12/30/2021,1.5083
12/31/2021,1.5101
1/3/2022,1.628
1/4/2022,1.6473
1/5/2022,1.7052
1/6/2022,1.7211
1/7/2022,1.762
1/10/2022,1.7603
1/11/2022,1.7357
1/12/2022,1.7428
1/13/2022,1.7041
1/14/2022,1.7841
1/17/2022,1.7841
1/18/2022,1.8735
1/19/2022,1.8646
1/20/2022,1.804
1/21/2022,1.7581
1/24/2022,1.7706
1/25/2022,1.7689
1/26/2022,1.8637
1/27/2022,1.7994
1/28/2022,1.7694
1/31/2022,1.7767
2/1/2022,1.7875
2/2/2022,1.7751
2/3/2022,1.8306
2/4/2022,1.9085
2/7/2022,1.9159
2/8/2022,1.9632
2/9/2022,1.9415
2/10/2022,2.0294
2/11/2022,1.9371
2/14/2022,1.9875
2/15/2022,2.0434
2/16/2022,2.0382
2/17/2022,1.9615
2/18/2022,1.9286
2/21/2022,1.9286
2/22/2022,1.939
2/23/2022,1.9912
2/24/2022,1.9633
2/25/2022,1.9617
2/28/2022,1.825
3/1/2022,1.7275
3/2/2022,1.8767
3/3/2022,1.8405
3/4/2022,1.7307
3/7/2022,1.7734
3/8/2022,1.8456
3/9/2022,1.9531
3/10/2022,1.9864
3/11/2022,1.9917
3/14/2022,2.133
3/15/2022,2.1437
3/16/2022,2.1849
3/17/2022,2.1706
3/18/2022,2.1494
3/21/2022,2.2896
3/22/2022,2.3825
3/23/2022,2.2917
3/24/2022,2.3718
3/25/2022,2.4731
3/28/2022,2.4585
3/29/2022,2.3944
3/30/2022,2.3488
3/31/2022,2.338
4/1/2022,2.3822
4/4/2022,2.3951
4/5/2022,2.5469
4/6/2022,2.5975
4/7/2022,2.6578
4/8/2022,2.7
4/11/2022,2.7801
4/12/2022,2.7213
4/13/2022,2.6987
4/14/2022,2.8275
4/15/2022,2.8275
4/18/2022,2.8527
4/19/2022,2.9361
4/20/2022,2.832
4/21/2022,2.9095
4/22/2022,2.8987
4/25/2022,2.8198
4/26/2022,2.7205
4/27/2022,2.8318
4/28/2022,2.8224
4/29/2022,2.9336
5/2/2022,2.9807
5/3/2022,2.9712
5/4/2022,2.9344
5/5/2022,3.0365
5/6/2022,3.1265
5/9/2022,3.0338
5/10/2022,2.9908
5/11/2022,2.9207
5/12/2022,2.8479
5/13/2022,2.9185
5/16/2022,2.8822
5/17/2022,2.986
5/18/2022,2.884
5/19/2022,2.837
5/20/2022,2.7811
5/23/2022,2.8514
5/24/2022,2.7506
5/25/2022,2.7452
5/26/2022,2.7469
5/27/2022,2.7378
5/30/2022,2.7378
5/31/2022,2.8441
6/1/2022,2.9058
6/2/2022,2.9076
6/3/2022,2.9332
6/6/2022,3.0399
6/7/2022,2.9736
6/8/2022,3.0215
6/9/2022,3.0418
6/10/2022,3.1555
6/13/2022,3.3598
6/14/2022,3.4733
6/15/2022,3.2839
6/16/2022,3.1952
6/17/2022,3.2256
6/20/2022,3.2256
6/21/2022,3.2749
6/22/2022,3.1561
6/23/2022,3.087
6/24/2022,3.1301
6/27/2022,3.1997
6/28/2022,3.1715
6/29/2022,3.0891
6/30/2022,3.0129
7/1/2022,2.8803
7/4/2022,2.8803
7/5/2022,2.8054
7/6/2022,2.928
7/7/2022,2.9945
7/8/2022,3.0803
7/11/2022,2.9928
7/12/2022,2.9687
7/13/2022,2.9336
7/14/2022,2.9595
7/15/2022,2.9152
7/18/2022,2.9855
7/19/2022,3.0209
7/20/2022,3.0265
7/21/2022,2.8747
7/22/2022,2.7504
7/25/2022,2.7959
7/26/2022,2.8068
7/27/2022,2.7849
7/28/2022,2.6759
7/29/2022,2.6487
8/1/2022,2.5732
8/2/2022,2.7483
8/3/2022,2.7046
8/4/2022,2.6883
8/5/2022,2.8268
8/8/2022,2.7572
8/9/2022,2.7773
8/10/2022,2.7809
8/11/2022,2.8876
8/12/2022,2.8312
8/15/2022,2.7878
8/16/2022,2.8041
8/17/2022,2.8968
8/18/2022,2.8822
8/19/2022,2.9721
8/22/2022,3.0146
8/23/2022,3.0461
8/24/2022,3.1039
8/25/2022,3.0258
8/26/2022,3.0409
8/29/2022,3.1024
8/30/2022,3.1025
8/31/2022,3.1926
9/1/2022,3.2533
9/2/2022,3.1894
9/5/2022,3.1894
9/6/2022,3.3492
9/7/2022,3.2635
9/8/2022,3.317
9/9/2022,3.3097
9/12/2022,3.3578
9/13/2022,3.408
9/14/2022,3.4043
9/15/2022,3.4489
9/16/2022,3.4494
9/19/2022,3.4905
9/20/2022,3.563
9/21/2022,3.5299
9/22/2022,3.7138
9/23/2022,3.6846
9/26/2022,3.9244
9/27/2022,3.9451
9/28/2022,3.7312
9/29/2022,3.7856
9/30/2022,3.8286
10/3/2022,3.6387
10/4/2022,3.6329
10/5/2022,3.7528
10/6/2022,3.8236
10/7/2022,3.8814
10/10/2022,3.8814
10/11/2022,3.947
10/12/2022,3.8962
10/13/2022,3.9435
10/14/2022,4.0184
10/17/2022,4.0104
10/18/2022,4.0066
10/19/2022,4.1335
10/20/2022,4.2283
10/21/2022,4.2167
10/24/2022,4.2424
10/25/2022,4.1021
10/26/2022,4.0028
10/27/2022,3.9187
10/28/2022,4.0123
10/31/2022,4.0478
11/1/2022,4.0419
11/2/2022,4.1005
11/3/2022,4.1469
11/4/2022,4.1584
11/7/2022,4.2135
11/8/2022,4.1234
11/9/2022,4.0923
11/10/2022,3.8125
11/11/2022,3.8125
11/14/2022,3.8536
11/15/2022,3.7696
11/16/2022,3.6899
11/17/2022,3.7657
11/18/2022,3.8288
11/21/2022,3.8269
11/22/2022,3.7559
11/23/2022,3.6927
11/24/2022,3.6927
11/25/2022,3.6776
11/28/2022,3.6812
11/29/2022,3.7441
11/30/2022,3.6054
12/1/2022,3.5048
12/2/2022,3.4862
12/5/2022,3.5736
12/6/2022,3.5314
12/7/2022,3.4169
12/8/2022,3.4819
12/9/2022,3.5783
12/12/2022,3.6113
12/13/2022,3.5012
12/14/2022,3.4774
12/15/2022,3.4463
12/16/2022,3.4822
12/19/2022,3.5846
12/20/2022,3.6825
12/21/2022,3.662
12/22/2022,3.6786
12/23/2022,3.7472
12/26/2022,3.7472
12/27/2022,3.8411
12/28/2022,3.8827
12/29/2022,3.8145
12/30/2022,3.8748
1/2/2023,3.8748
1/3/2023,3.7389
1/4/2023,3.6827
1/5/2023,3.7181
1/6/2023,3.558
1/9/2023,3.5321
1/10/2023,3.6188
1/11/2023,3.5392
1/12/2023,3.44
1/13/2023,3.5035
1/16/2023,3.5035
1/17/2023,3.5476
1/18/2023,3.3698
1/19/2023,3.3915
1/20/2023,3.4787
1/23/2023,3.5098
1/24/2023,3.4527
1/25/2023,3.4416
1/26/2023,3.4947
1/27/2023,3.5035
1/30/2023,3.5366
1/31/2023,3.5069
2/1/2023,3.4166
2/2/2023,3.3927
2/3/2023,3.5246
2/6/2023,3.6399
2/7/2023,3.6735
2/8/2023,3.6098
2/9/2023,3.6579
2/10/2023,3.732
2/13/2023,3.7016
2/14/2023,3.7435
2/15/2023,3.8049
2/16/2023,3.8608
2/17/2023,3.8148
2/20/2023,3.8148
2/21/2023,3.9525
2/22/2023,3.9156
2/23/2023,3.8768
2/24/2023,3.9432
2/27/2023,3.9141
2/28/2023,3.92
3/1/2023,3.9925
3/2/2023,4.0556
3/3/2023,3.9517
3/6/2023,3.9577
3/7/2023,3.9637
3/8/2023,3.9913
3/9/2023,3.9032
3/10/2023,3.6987
3/13/2023,3.5732
3/14/2023,3.6892
3/15/2023,3.4548
3/16/2023,3.577
3/17/2023,3.4286
3/20/2023,3.4847
3/21/2023,3.6094
3/22/2023,3.4341
3/23/2023,3.4266
3/24/2023,3.3762
3/27/2023,3.5299
3/28/2023,3.5696
3/29/2023,3.5639
3/30/2023,3.5488
3/31/2023,3.4676
4/3/2023,3.4114
4/4/2023,3.3387
4/5/2023,3.3108
4/6/2023,3.305
4/7/2023,3.3906
4/10/2023,3.4168
4/11/2023,3.4262
4/12/2023,3.3906
4/13/2023,3.4449
4/14/2023,3.5128
4/17/2023,3.6004
4/18/2023,3.5756
4/19/2023,3.5908
4/20/2023,3.5318
4/21/2023,3.5718
4/24/2023,3.4901
4/25/2023,3.3996
4/26/2023,3.4485
4/27/2023,3.5204
4/28/2023,3.422
5/1/2023,3.5681
5/2/2023,3.4239
5/3/2023,3.3356
5/4/2023,3.3787
5/5/2023,3.437
5/8/2023,3.5072
5/9/2023,3.5186
5/10/2023,3.4426
5/11/2023,3.3843
5/12/2023,3.4625
5/15/2023,3.5019
5/16/2023,3.5339
5/17/2023,3.5641
5/18/2023,3.6457
5/19/2023,3.6726
5/22/2023,3.7148
5/23/2023,3.6919
5/24/2023,3.7419
5/25/2023,3.8174
5/26/2023,3.7983
5/29/2023,3.7983
5/30/2023,3.6866
5/31/2023,3.6426
6/1/2023,3.595
6/2/2023,3.6907
6/5/2023,3.6831
6/6/2023,3.6602
6/7/2023,3.7952
6/8/2023,3.7179
6/9/2023,3.7394
6/12/2023,3.7356
6/13/2023,3.8133
6/14/2023,3.7862
6/15/2023,3.7165
6/16/2023,3.7613
6/19/2023,3.7613
6/20/2023,3.7207
6/21/2023,3.7189
6/22/2023,3.7946
6/23/2023,3.7347
6/26/2023,3.7212
6/27/2023,3.7639
6/28/2023,3.7078
6/29/2023,3.8383
6/30/2023,3.8367
7/3/2023,3.8545
7/4/2023,3.8545
7/5/2023,3.9315
7/6/2023,4.0291
7/7/2023,4.0616
7/10/2023,3.9938
7/11/2023,3.97
7/12/2023,3.8573
7/13/2023,3.7634
7/14/2023,3.8322
7/17/2023,3.8068
7/18/2023,3.7853
7/19/2023,3.7483
7/20/2023,3.8503
7/21/2023,3.8349
7/24/2023,3.8725
7/25/2023,3.8845
7/26/2023,3.8668
7/27/2023,3.9982
7/28/2023,3.9507
7/31/2023,3.9588
8/1/2023,4.023
8/2/2023,4.0775
8/3/2023,4.1751
8/4/2023,4.0338
8/7/2023,4.0885
8/8/2023,4.022
8/9/2023,4.0081
8/10/2023,4.1055
8/11/2023,4.1522
8/14/2023,4.1913
8/15/2023,4.211
8/16/2023,4.2504
8/17/2023,4.2741
8/18/2023,4.2546
8/21/2023,4.3379
8/22/2023,4.3241
8/23/2023,4.1918
8/24/2023,4.2372
8/25/2023,4.2354
8/28/2023,4.202
8/29/2023,4.1197
8/30/2023,4.1139
8/31/2023,4.1081
9/1/2023,4.1788
9/4/2023,4.1788
9/5/2023,4.2598
9/6/2023,4.2797
9/7/2023,4.2441
9/8/2023,4.2641
9/11/2023,4.288
9/12/2023,4.2801
9/13/2023,4.2485
9/14/2023,4.2863
9/15/2023,4.3324
9/18/2023,4.3026
9/19/2023,4.3586
9/20/2023,4.407
9/21/2023,4.4942
9/22/2023,4.4337
9/25/2023,4.5334
9/26/2023,4.5356
9/27/2023,4.6075
9/28/2023,4.5748
9/29/2023,4.5711
10/2/2023,4.6785
10/3/2023,4.7955
10/4/2023,4.7329
10/5/2023,4.7185
10/6/2023,4.8009
10/9/2023,4.8009
10/10/2023,4.653
10/11/2023,4.5582
10/12/2023,4.6969
10/13/2023,4.6124
10/16/2023,4.706
10/17/2023,4.8341
10/18/2023,4.9149
10/19/2023,4.9898
10/20/2023,4.9137
10/23/2023,4.8502
10/24/2023,4.8229
10/25/2023,4.9549
10/26/2023,4.8445
10/27/2023,4.8346
10/30/2023,4.8942
10/31/2023,4.9307
11/1/2023,4.7341
11/2/2023,4.659
11/3/2023,4.5724
11/6/2023,4.6431
11/7/2023,4.5665
11/8/2023,4.4925
11/9/2023,4.6241
11/10/2023,4.6518
11/13/2023,4.6399
11/14/2023,4.4473
11/15/2023,4.5314
11/16/2023,4.4355
11/17/2023,4.4354
11/20/2023,4.4198
11/21/2023,4.3926
11/22/2023,4.4042
11/23/2023,4.4042
11/24/2023,4.4665
11/27/2023,4.3866
11/28/2023,4.3207
11/29/2023,4.2552
11/30/2023,4.3264
12/1/2023,4.1956
12/4/2023,4.2529
12/5/2023,4.1649
12/6/2023,4.104
12/7/2023,4.1495
12/8/2023,4.2256
12/11/2023,4.2333
12/12/2023,4.2006
12/13/2023,4.0164
12/14/2023,3.9208
12/15/2023,3.911
12/18/2023,3.9314
12/19/2023,3.9313
12/20/2023,3.8474
12/21/2023,3.8881
12/22/2023,3.895
12/25/2023,3.895
12/26/2023,3.8967
12/27/2023,3.7944
12/28/2023,3.8443
12/29/2023,3.8791
1/1/2024,3.8791
1/2/2024,3.9294
1/3/2024,3.9162
1/4/2024,3.9988
1/5/2024,4.0457
1/8/2024,4.0305
1/9/2024,4.0133
1/10/2024,4.0283
1/11/2024,3.9658
1/12/2024,3.939
1/15/2024,3.939
1/16/2024,4.0581
1/17/2024,4.1019
1/18/2024,4.142
1/19/2024,4.1226
1/22/2024,4.1052
1/23/2024,4.1282
1/24/2024,4.1762
1/25/2024,4.1184
1/26/2024,4.1373
1/29/2024,4.074
1/30/2024,4.0319
1/31/2024,3.9124
2/1/2024,3.8802
2/2/2024,4.0199
2/5/2024,4.1579
2/6/2024,4.1
2/7/2024,4.1211
2/8/2024,4.154
2/9/2024,4.1754
2/12/2024,4.1793
2/13/2024,4.3143
2/14/2024,4.2554
2/15/2024,4.23
2/16/2024,4.2792
2/19/2024,4.2792
2/20/2024,4.2753
2/21/2024,4.3187
2/22/2024,4.3207
2/23/2024,4.248
2/26/2024,4.2795
2/27/2024,4.3032
2/28/2024,4.2639
2/29/2024,4.2502
3/1/2024,4.1798
3/4/2024,4.2131
3/5/2024,4.1525
3/6/2024,4.102
3/7/2024,4.0827
3/8/2024,4.0749
3/11/2024,4.0982
3/12/2024,4.1507
3/13/2024,4.1899
3/14/2024,4.2903
3/15/2024,4.3063
3/18/2024,4.3242
3/19/2024,4.2925
3/20/2024,4.2728
3/21/2024,4.2669
3/22/2024,4.1981
3/25/2024,4.2454
3/26/2024,4.2316
3/27/2024,4.1903
3/28/2024,4.2003
3/29/2024,4.2003
4/1/2024,4.3092
4/2/2024,4.3491
4/3/2024,4.3472
4/4/2024,4.3094
4/5/2024,4.4016
4/8/2024,4.4198
4/9/2024,4.3616
4/10/2024,4.5435
4/11/2024,4.5865
4/12/2024,4.5216
4/15/2024,4.6014
4/16/2024,4.6674
4/17/2024,4.5873
4/18/2024,4.6326
4/19/2024,4.6207
4/22/2024,4.6085
4/23/2024,4.6004
4/24/2024,4.6417
4/25/2024,4.7039
4/26/2024,4.663
4/29/2024,4.6136
4/30/2024,4.6798
5/1/2024,4.6283
5/2/2024,4.5811
5/3/2024,4.5077
5/6/2024,4.4874
5/7/2024,4.457
5/8/2024,4.4937
5/9/2024,4.4531
5/10/2024,4.4963
5/13/2024,4.4865
5/14/2024,4.4394
5/15/2024,4.34
5/16/2024,4.375
5/17/2024,4.4198
5/20/2024,4.4433
5/21/2024,4.412
5/22/2024,4.4218
5/23/2024,4.4767
5/24/2024,4.465
5/28/2024,4.55
5/29/2024,4.6117
5/30/2024,4.546
5/31/2024,4.4985
6/3/2024,4.3884
6/4/2024,4.3259
6/5/2024,4.2755
6/6/2024,4.287
6/7/2024,4.4335
6/10/2024,4.467
6/11/2024,4.404
6/12/2024,4.316
6/13/2024,4.2442
6/14/2024,4.2209
6/17/2024,4.2809
6/18/2024,4.2227
6/19/2024,4.2227
6/20/2024,4.2594
6/21/2024,4.2554
6/24/2024,4.2321
6/25/2024,4.2476
6/26/2024,4.3294
6/27/2024,4.2864
6/28/2024,4.3961
7/1/2024,4.4613
7/2/2024,4.4316
7/3/2024,4.3587
7/4/2024,4.3587
7/5/2024,4.2784
7/8/2024,4.2783
7/9/2024,4.2959
7/10/2024,4.2841
7/11/2024,4.2101
7/12/2024,4.1829
7/15/2024,4.2294
7/16/2024,4.1576
7/17/2024,4.1576
7/18/2024,4.2021
7/19/2024,4.2389
7/22/2024,4.2525
7/23/2024,4.2506
7/24/2024,4.2838
7/25/2024,4.2407
7/26/2024,4.1939
7/29/2024,4.1744
7/30/2024,4.1394
7/31/2024,4.0296
8/1/2024,3.976
8/2/2024,3.7904
8/5/2024,3.7884
8/6/2024,3.8919
8/7/2024,3.9431
8/8/2024,3.9877
8/9/2024,3.9398
8/12/2024,3.9035
8/13/2024,3.8428
8/14/2024,3.8352
8/15/2024,3.9131
8/16/2024,3.8826
8/19/2024,3.8711
8/20/2024,3.8067
8/21/2024,3.801
8/22/2024,3.8521
8/23/2024,3.799
8/26/2024,3.816
8/27/2024,3.8216
8/28/2024,3.8349
8/29/2024,3.8615
8/30/2024,3.9034
9/2/2024,3.9034
9/3/2024,3.831
9/4/2024,3.7552
9/5/2024,3.7269
9/6/2024,3.708
9/9/2024,3.7004
9/10/2024,3.6423
9/11/2024,3.6534
9/12/2024,3.674
9/13/2024,3.6513
9/16/2024,3.6176
9/17/2024,3.6456
9/18/2024,3.7038
9/19/2024,3.7131
9/20/2024,3.7413
9/23/2024,3.7489
9/24/2024,3.728
9/25/2024,3.7849
9/26/2024,3.7963
9/27/2024,3.7506
9/30/2024,3.7809